{
  "project_info": {
    "project_number": "898667729116",
    "project_id": "sirahabazaar-bc62f",
    "storage_bucket": "sirahabazaar-bc62f.firebasestorage.app"
  },
  "client": [
    {
      "client_info": {
        "mobilesdk_app_id": "1:898667729116:android:7c2077dcb73ac623c26419",
        "android_client_info": {
          "package_name": "com.example.myweb"
        }
      },
      "oauth_client": [],
      "api_key": [
        {
          "current_key": "AIzaSyCJPQvbKMCXaBXLqV8Pq5V9Pxw7CK6HgTw"
        }
      ],
      "services": {
        "appinvite_service": {
          "other_platform_oauth_client": []
        }
      }
    },
    {
      "client_info": {
        "mobilesdk_app_id": "1:898667729116:android:2854763490bb3f23c26419",
        "android_client_info": {
          "package_name": "com.siraha.myweb"
        }
      },
      "oauth_client": [],
      "api_key": [
        {
          "current_key": "AIzaSyCJPQvbKMCXaBXLqV8Pq5V9Pxw7CK6HgTw"
        }
      ],
      "services": {
        "appinvite_service": {
          "other_platform_oauth_client": []
        }
      }
    }
  ],
  "configuration_version": "1"
}